Moonlight Over Mars,127,SciFi
The Last Echo,98,Drama
Whispers In The Fog,112,Mystery
Electric Dawn,134,Action
Forgotten Harbor,106,Romance
Neon Butterflies,121,Fantasy
Shadows Of Tomorrow,143,Thriller
When Stars Sleep,89,Animation
Parallel Hearts,116,Romance
The Crimson Orbit,102,SciFi
Beyond The Hollow,118,Horror
Paper Planets,95,Adventure
Midnight At Sea,128,Drama
The Silent Voyager,109,Documentary
Dancing With Gravity,140,Fantasy
Glass Garden,104,Mystery
Songs Of The Skyline,111,Musical
Through The Mirrors Edge,123,Thriller
City Of Falling Leaves,100,Drama
Eternal Static,132,SciFi
